alpha,r,snr_db,accuracy,rho
0.05,0.5,-10,0.7039490445859873,0.007015306036919355
0.05,0.5,-5,0.7472611464968153,0.007015306036919355
0.05,0.5,0,0.7589808917197453,0.007015306036919355
0.05,0.5,5,0.7635668789808917,0.007015306036919355
0.05,0.5,10,0.7658598726114649,0.007015306036919355
0.1,0.5,-10,0.806624203821656,0.013392857275903225
0.1,0.5,-5,0.8351592356687898,0.013392857275903225
0.1,0.5,0,0.8389808917197452,0.013392857275903225
0.1,0.5,5,0.8422929936305732,0.013392857275903225
0.1,0.5,10,0.8430573248407643,0.013392857275903225
0.15,0.5,-10,0.849936305732484,0.01913265325129032
0.15,0.5,-5,0.8647133757961784,0.01913265325129032
0.15,0.5,0,0.8680254777070063,0.01913265325129032
0.15,0.5,5,0.8680254777070063,0.01913265325129032
0.15,0.5,10,0.8705732484076433,0.01913265325129032
0.2,0.5,-10,0.8692993630573248,0.025510204955935478
0.2,0.5,-5,0.876687898089172,0.025510204955935478
0.2,0.5,0,0.8843312101910829,0.025510204955935478
0.2,0.5,5,0.8845859872611465,0.025510204955935478
0.2,0.5,10,0.8843312101910829,0.025510204955935478
0.25,0.5,-10,0.8743949044585987,0.031887754797935486
0.25,0.5,-5,0.8861146496815286,0.031887754797935486
0.25,0.5,0,0.892484076433121,0.031887754797935486
0.25,0.5,5,0.8899363057324841,0.031887754797935486
0.25,0.5,10,0.89171974522293,0.031887754797935486
0.3,0.5,-10,0.882547770700637,0.03826530650258064
0.3,0.5,-5,0.8963057324840764,0.03826530650258064
0.3,0.5,0,0.8973248407643312,0.03826530650258064
0.3,0.5,5,0.8968152866242038,0.03826530650258064
0.3,0.5,10,0.8998726114649681,0.03826530650258064
0.4,0.5,-10,0.8978343949044586,0.05038265138864517
0.4,0.5,-5,0.9039490445859872,0.05038265138864517
0.4,0.5,0,0.9085350318471338,0.05038265138864517
0.4,0.5,5,0.9095541401273886,0.05038265138864517
0.4,0.5,10,0.9098089171974523,0.05038265138864517
0.5,0.5,-10,0.902420382165605,0.06313775479793549
0.5,0.5,-5,0.9136305732484077,0.06313775479793549
0.5,0.5,0,0.9179617834394904,0.06313775479793549
0.5,0.5,5,0.916687898089172,0.06313775479793549
0.5,0.5,10,0.9182165605095541,0.06313775479793549
0.6,0.5,-10,0.9036942675159235,0.0758928582072258
0.6,0.5,-5,0.9159235668789809,0.0758928582072258
0.6,0.5,0,0.9197452229299363,0.0758928582072258
0.6,0.5,5,0.9184713375796179,0.0758928582072258
0.6,0.5,10,0.9194904458598726,0.0758928582072258
0.7,0.5,-10,0.9098089171974523,0.08801020681858063
0.7,0.5,-5,0.9197452229299363,0.08801020681858063
0.7,0.5,0,0.9238216560509555,0.08801020681858063
0.7,0.5,5,0.9220382165605095,0.08801020681858063
0.7,0.5,10,0.9217834394904458,0.08801020681858063
0.8,0.5,-10,0.9115923566878981,0.10076530277729034
0.8,0.5,-5,0.922547770700637,0.10076530277729034
0.8,0.5,0,0.922547770700637,0.10076530277729034
0.8,0.5,5,0.9248407643312102,0.10076530277729034
0.8,0.5,10,0.9243312101910828,0.10076530277729034
0.9,0.5,-10,0.9054777070063694,0.11288265138864517
0.9,0.5,-5,0.9210191082802548,0.11288265138864517
0.9,0.5,0,0.9245859872611465,0.11288265138864517
0.9,0.5,5,0.923312101910828,0.11288265138864517
0.9,0.5,10,0.9256050955414012,0.11288265138864517
1.0,0.5,-10,0.9126114649681528,0.12563775479793549
1.0,0.5,-5,0.9205095541401274,0.12563775479793549
1.0,0.5,0,0.922547770700637,0.12563775479793549
1.0,0.5,5,0.9228025477707006,0.12563775479793549
1.0,0.5,10,0.9253503184713375,0.12563775479793549
0.05,0.25,-10,0.6499363057324841,0.0035076530184596777
0.05,0.25,-5,0.7263694267515923,0.0035076530184596777
0.05,0.25,0,0.7503184713375797,0.0035076530184596777
0.05,0.25,5,0.7589808917197453,0.0035076530184596777
0.05,0.25,10,0.7589808917197453,0.0035076530184596777
0.1,0.25,-10,0.7714649681528662,0.0066964286379516125
0.1,0.25,-5,0.8259872611464968,0.0066964286379516125
0.1,0.25,0,0.8318471337579618,0.0066964286379516125
0.1,0.25,5,0.8382165605095542,0.0066964286379516125
0.1,0.25,10,0.84,0.0066964286379516125
0.15,0.25,-10,0.812484076433121,0.00956632662564516
0.15,0.25,-5,0.8529936305732484,0.00956632662564516
0.15,0.25,0,0.8659872611464968,0.00956632662564516
0.15,0.25,5,0.867515923566879,0.00956632662564516
0.15,0.25,10,0.8690445859872612,0.00956632662564516
0.2,0.25,-10,0.8392356687898089,0.012755102477967739
0.2,0.25,-5,0.8685350318471338,0.012755102477967739
0.2,0.25,0,0.8761783439490446,0.012755102477967739
0.2,0.25,5,0.8769426751592356,0.012755102477967739
0.2,0.25,10,0.8802547770700637,0.012755102477967739
0.25,0.25,-10,0.8598726114649682,0.015943877398967743
0.25,0.25,-5,0.8805095541401274,0.015943877398967743
0.25,0.25,0,0.8878980891719745,0.015943877398967743
0.25,0.25,5,0.8856050955414013,0.015943877398967743
0.25,0.25,10,0.889171974522293,0.015943877398967743
0.3,0.25,-10,0.8670063694267516,0.01913265325129032
0.3,0.25,-5,0.8927388535031847,0.01913265325129032
0.3,0.25,0,0.8945222929936306,0.01913265325129032
0.3,0.25,5,0.8965605095541401,0.01913265325129032
0.3,0.25,10,0.8950318471337579,0.01913265325129032
0.4,0.25,-10,0.8858598726114649,0.025191325694322586
0.4,0.25,-5,0.9014012738853503,0.025191325694322586
0.4,0.25,0,0.9080254777070064,0.025191325694322586
0.4,0.25,5,0.904968152866242,0.025191325694322586
0.4,0.25,10,0.9054777070063694,0.025191325694322586
0.5,0.25,-10,0.8853503184713376,0.03156887739896774
0.5,0.25,-5,0.9075159235668789,0.03156887739896774
0.5,0.25,0,0.9118471337579618,0.03156887739896774
0.5,0.25,5,0.9123566878980892,0.03156887739896774
0.5,0.25,10,0.9103184713375796,0.03156887739896774
0.6,0.25,-10,0.8909554140127388,0.0379464291036129
0.6,0.25,-5,0.9080254777070064,0.0379464291036129
0.6,0.25,0,0.9136305732484077,0.0379464291036129
0.6,0.25,5,0.9161783439490446,0.0379464291036129
0.6,0.25,10,0.9174522292993631,0.0379464291036129
0.7,0.25,-10,0.8896815286624203,0.044005103409290314
0.7,0.25,-5,0.9113375796178343,0.044005103409290314
0.7,0.25,0,0.9194904458598726,0.044005103409290314
0.7,0.25,5,0.92,0.044005103409290314
0.7,0.25,10,0.9197452229299363,0.044005103409290314
0.8,0.25,-10,0.8978343949044586,0.05038265138864517
0.8,0.25,-5,0.92,0.05038265138864517
0.8,0.25,0,0.9210191082802548,0.05038265138864517
0.8,0.25,5,0.9245859872611465,0.05038265138864517
0.8,0.25,10,0.9245859872611465,0.05038265138864517
0.9,0.25,-10,0.8998726114649681,0.056441325694322586
0.9,0.25,-5,0.9164331210191082,0.056441325694322586
0.9,0.25,0,0.9212738853503185,0.056441325694322586
0.9,0.25,5,0.9238216560509555,0.056441325694322586
0.9,0.25,10,0.922547770700637,0.056441325694322586
1.0,0.25,-10,0.8996178343949045,0.06281887739896774
1.0,0.25,-5,0.9164331210191082,0.06281887739896774
1.0,0.25,0,0.9187261146496816,0.06281887739896774
1.0,0.25,5,0.9212738853503185,0.06281887739896774
1.0,0.25,10,0.9217834394904458,0.06281887739896774
0.05,0.1,-10,0.5712101910828026,0.001403061207383871
0.05,0.1,-5,0.704203821656051,0.001403061207383871
0.05,0.1,0,0.7388535031847133,0.001403061207383871
0.05,0.1,5,0.7533757961783439,0.001403061207383871
0.05,0.1,10,0.7554140127388536,0.001403061207383871
0.1,0.1,-10,0.7113375796178344,0.0026785715017467737
0.1,0.1,-5,0.7951592356687898,0.0026785715017467737
0.1,0.1,0,0.8208917197452229,0.0026785715017467737
0.1,0.1,5,0.8287898089171974,0.0026785715017467737
0.1,0.1,10,0.8333757961783439,0.0026785715017467737
0.15,0.1,-10,0.7757961783439491,0.0038265306502580643
0.15,0.1,-5,0.8326114649681529,0.0038265306502580643
0.15,0.1,0,0.8519745222929936,0.0038265306502580643
0.15,0.1,5,0.8552866242038216,0.0038265306502580643
0.15,0.1,10,0.8593630573248408,0.0038265306502580643
0.2,0.1,-10,0.7979617834394904,0.005102040711790323
0.2,0.1,-5,0.8494267515923567,0.005102040711790323
0.2,0.1,0,0.8659872611464968,0.005102040711790323
0.2,0.1,5,0.8731210191082802,0.005102040711790323
0.2,0.1,10,0.8743949044585987,0.005102040711790323
0.25,0.1,-10,0.8173248407643312,0.0063775512389838696
0.25,0.1,-5,0.8636942675159236,0.0063775512389838696
0.25,0.1,0,0.8771974522292993,0.0063775512389838696
0.25,0.1,5,0.8822929936305732,0.0063775512389838696
0.25,0.1,10,0.8820382165605095,0.0063775512389838696
0.3,0.1,-10,0.8394904458598726,0.0076530613005161285
0.3,0.1,-5,0.8749044585987261,0.0076530613005161285
0.3,0.1,0,0.8843312101910829,0.0076530613005161285
0.3,0.1,5,0.8873885350318471,0.0076530613005161285
0.3,0.1,10,0.8876433121019108,0.0076530613005161285
0.4,0.1,-10,0.8494267515923567,0.010076530277729034
0.4,0.1,-5,0.8830573248407644,0.010076530277729034
0.4,0.1,0,0.8963057324840764,0.010076530277729034
0.4,0.1,5,0.8988535031847134,0.010076530277729034
0.4,0.1,10,0.8988535031847134,0.010076530277729034
0.5,0.1,-10,0.8659872611464968,0.012627551332116127
0.5,0.1,-5,0.8907006369426752,0.012627551332116127
0.5,0.1,0,0.902420382165605,0.012627551332116127
0.5,0.1,5,0.9057324840764331,0.012627551332116127
0.5,0.1,10,0.9072611464968153,0.012627551332116127
0.6,0.1,-10,0.8662420382165605,0.015178571455180645
0.6,0.1,-5,0.8988535031847134,0.015178571455180645
0.6,0.1,0,0.9067515923566879,0.015178571455180645
0.6,0.1,5,0.9085350318471338,0.015178571455180645
0.6,0.1,10,0.9100636942675159,0.015178571455180645
0.7,0.1,-10,0.8741401273885351,0.017602041363716125
0.7,0.1,-5,0.8991082802547771,0.017602041363716125
0.7,0.1,0,0.9113375796178343,0.017602041363716125
0.7,0.1,5,0.9126114649681528,0.017602041363716125
0.7,0.1,10,0.9128662420382165,0.017602041363716125
0.8,0.1,-10,0.8754140127388536,0.02015306055545807
0.8,0.1,-5,0.900891719745223,0.02015306055545807
0.8,0.1,0,0.913375796178344,0.02015306055545807
0.8,0.1,5,0.9126114649681528,0.02015306055545807
0.8,0.1,10,0.9156687898089172,0.02015306055545807
0.9,0.1,-10,0.8759235668789809,0.022576531395316124
0.9,0.1,-5,0.8996178343949045,0.022576531395316124
0.9,0.1,0,0.9113375796178343,0.022576531395316124
0.9,0.1,5,0.913375796178344,0.022576531395316124
0.9,0.1,10,0.9138853503184713,0.022576531395316124
1.0,0.1,-10,0.8685350318471338,0.025127550587058067
1.0,0.1,-5,0.9006369426751593,0.025127550587058067
1.0,0.1,0,0.9118471337579618,0.025127550587058067
1.0,0.1,5,0.9103184713375796,0.025127550587058067
1.0,0.1,10,0.9131210191082803,0.025127550587058067
